code,food_name_text,edible_portion_coefficient,energy_kcal,energy_kj,water_g,protein_g,fat_g,carbohydrate_available_g,total_dietary_fibre_g,ash_g,calcium_mg,iron_mg,magnesium_mg,phosphorus_mg,potassium_mg,sodium_mg,zinc_mg,copper_mg,vitamin_a_mcg,retinol_mcg,beta_carotene_equiv_mcg,vitamin_d_mcg,vitamin_e_mg,thiamin_mg,riboflavin_mg,niacin_equiv_mg,vitamin_b6_mg,folate_mcg,vitamin_c_mg,source_pages
01_0001,"Barley, whole-grain, raw Jaab, gota",1,324,1360,11.7,10.9,2.2,56.4,17.3,1.5,26,5.5,133,264,452,4,2.77,0.5,1,0,13,0,0.9,0.47,0.2,7.8,0.318,34,0,"28,29,30"
01_0002,"Bread, bun/roll Bonruti, bun/roll",1,270,1140,33,8.8,2.8,50.9,2.8,1.7,26,1,22,96,133,501,0.73,0.13,,,,,,,,,,,,"28,29,30"
01_0003,"Bread, white, for toasting Pawruti",1,272,1150,30.4,8,1.4,55.6,2.5,2.1,119,2.2,26,103,131,592,0.68,0.14,0,0,0,0,0.24,0.21,0.34,3.9,0.063,30,0,"28,29,30"
01_0004,"Maize/corn flour, whole, white Bhutta, atta",1,355,1500,10.9,6.9,3.9,69.6,7.3,1.5,7,2.4,93,272,315,5,1.73,0.23,0,0,0,0,0.42,0.25,0.08,2.6,0.37,25,0,"28,29,30"
01_0005,"Maize/corn, yellow, dried, raw Bhutta, shukna",1,344,1450,13.1,9.9,3.4,64.7,7.3,1.6,12,2.9,143,329,248,14,3.27,0.43,11,0,129,0,0.49,0.39,0.11,2,0.622,20,0,"28,29,30"
01_0006,"Millet, Foxtail, raw Kaon",1,344,1450,11.8,10.4,4.3,61.7,8.5,3.3,32,2.8,81,290,250,7,1.5,1.4,5,0,60,0,0.05,0.59,0.11,3.2,0.384,85,0,"28,29,30"
01_0007,"Millet, Proso, whole-grain, raw Cheena, gota-dana",1,341,1440,12.5,11.2,4.2,60.3,8.5,3.3,14,5,114,285,195,5,2.3,0.75,0,0,0,0,0.05,0.42,0.29,6.7,0.384,85,0,"28,29,30"
01_0008,"Pear millet, whole-grain, raw Bajra, gota-dana",1,349,1470,12.4,10.1,5,61.4,8.8,2.3,42,8,137,296,307,11,3.1,1.06,0,0,0,0,0.05,0.33,0.16,2.3,0.384,85,0,"28,29,30"
01_0009,"Popcorn, maize (salt added) Popcorn, Bhutta",1,328,1380,13.7,10,3.1,58.6,12.9,1.6,10,2.8,135,349,294,785,3.7,0.23,7,0,80,0,0.2,0.09,0.07,1.5,0.14,28,0,"28,29,30"
01_0010,Rice flaked Chira,1,356,1510,9.9,6.5,1.1,79.2,1.3,2,25,6.8,47,130,150,2,1.36,0.37,,,,,,,,,,,,"28,29,30"
01_0011,"Chira, veja",1,105,444,73.2,2,0.3,23,0.9,0.6,8,2,14,39,45,1,0.4,0.11,,,,,,,,,,,,"28,29,30"
01_0012,"Rice, BR-28, parboiled, milled, raw",1,344,1454,12.4,6.5,0.4,76.8,3.4,0.5,9,0.7,43,126,146,2,1.32,0.2,0,0,0,0,0.11,0.21,0.05,4.6,0.168,11,0,"28,29,30"
01_0013,"Rice, BR-11, parboiled, milled, Chal, BR-11, siddha,",1,345,1460,11.9,7.9,0.3,76.1,3.4,0.4,1,0.7,43,127,146,2,1.32,0.2,0,0,0,0,0.07,0.06,0.04,0.8,0.169,11,0,"31,32,33"
01_0014,"raw kolechata Rice, BR-16, parboiled, milled, Chal, BR-16, siddha,",1,346,1470,11.8,6.2,0.3,77.9,3.4,0.5,2,0.7,43,127,147,2,1.33,0.2,0,0,0,0,0.08,0.1,0.03,1.8,0.148,11,0,"31,32,33"
01_0015,"raw kolechata Rice, BR-26, parboiled, milled, Chal, BR-26, siddha,",1,346,1470,11.7,8.4,0.4,75.5,3.4,0.6,2,0.7,43,127,147,2,1.33,0.2,0,0,0,0,0.11,0.09,0.03,1.7,0.171,11,0,"31,32,33"
01_0016,"Rice, BR-3, parboiled, milled, raw",1,344,1460,12,7.1,0.2,76.8,3.4,0.5,2,0.7,43,126,146,2,1.32,0.2,-3,0,0,0,0,0.04,0.02,0.6,0.169,11,0,"31,32,33"
01_0017,"kolechata Rice, BRRI Dhan-30, parboiled, Chal, BRRI Dhan-30,",1,349,1480,10.9,6.9,0.3,77.9,3.4,0.6,2,0.7,44,128,148,2,1.34,0.2,0,0,0,0,0.08,0.11,0.06,1.8,0.169,11,0,"31,32,33"
01_0018,"milled, raw siddha, kole chata Rice, BRRI Dhan-40, parboiled, Chal, BRRI Dhan-40,",1,349,1480,10.8,7,0.3,77.9,3.4,0.6,2,0.7,44,128,148,2,1.34,0.2,0,0,0,0,0.08,0.09,0.06,1.2,0.172,11,0,"31,32,33"
01_0019,"Rice, bran, raw Chaler kura",1,398,1660,6.1,13.4,20.9,28.6,21,10,59,18.5,994,1379,1155,5,6.04,0.73,0,0,0,0,4.92,2.26,0.22,41.8,4.07,63,0,"31,32,33"
01_0020,"Chal, siddha, dhekichata",1,348,1480,12.6,7.6,2.3,72.4,3.8,1.3,10,2.8,52,246,202,5,1.9,0.36,,,,,,,,,,,,"31,32,33"
01_0021,"Chal, lal, siddha, kolechata",1,350,1480,12.4,7.8,2.4,72.3,3.8,1.3,12,1,52,255,326,5,1.9,0.36,0,0,0,0,0.68,0.27,0.07,6.8,0.62,49,0,"31,32,33"
01_0022,"Rice, popped Khoi",1,380,1620,3.9,7.1,0.1,87,1.4,0.4,10,0.7,47,138,160,5,0.87,0.21,0,0,0,0,0.1,0.21,0.27,3.5,0,12,0,"31,32,33"
01_0023,"Rice, puffed, salted Muri",1,361,1540,7.3,6.7,0.1,82.7,1.4,1.8,9,0.7,45,133,154,650,0.84,0.2,,,,,,,,,,,,"31,32,33"
01_0024,"Rice, white, sunned, aromatic, Chal, atop, sugondhi,",1,343,1460,12.8,6.7,0.7,76.1,3.1,0.7,10,0.9,43,126,113,5,1.09,0.14,,,,,,,,,,,,"31,32,33"
01_0025,"milled, raw raw",1,345,1460,12.2,6.6,0.3,77.4,3.1,0.4,5,0.9,43,126,109,5,1.09,0.14,,,,,,,,,,,,"34,35,36"
01_0026,"Semolina, wheat, raw Sooji, gom",1,346,1470,12.8,10.9,1.4,70.6,3.9,0.5,17,1.1,40,105,158,5,2.18,0.25,0,0,0,0,0.1,0.18,0.05,4,0.085,57,0,"34,35,36"
01_0027,"Sorghum, raw Jowar",1,350,1480,11.9,10.1,3.3,66.9,6.3,1.5,25,5.8,290,222,350,6,1.6,0.46,,,,,,,,,,,,"34,35,36"
01_0028,"Sweet corn, yellow, on the cob, raw Bhutta, kancha",0.47,147,621,62.9,3.5,1.4,28.7,2.8,0.8,5,0.7,30,112,228,2,0.8,0.13,,,,,,,,,,,,"34,35,36"
01_0029,"Vermicelli, wheat, raw Semai",1,347,1470,11.7,8.9,0.6,74.9,3.2,0.7,22,2,42,92,140,8,1.38,0.29,0,0,0,0,0.11,0.19,0.05,3.4,0.142,18,0,"34,35,36"
01_0030,"Wheat flour, brown, whole grain, Ata, sada",1,334,1410,12.3,11.3,2.1,62.2,10.7,1.5,52,4.9,151,306,284,16,3.02,0.53,,,,,,,,,,,,"34,35,36"
01_0031,"Wheat, flour, white Ata, sada, packet",1,347,1470,12.2,10.6,1.6,70.3,4.4,0.8,13,3.8,58,140,210,10,1.55,0.19,0,0,0,0,0.43,0.13,0.05,4,0.099,20,0,"34,35,36"
01_0032,"Wheat flour, white, refined Maida",1,346,1470,12.8,9.8,1,73.1,2.7,0.6,13,2.7,58,140,210,10,1.55,0.19,0,0,0,0,0.06,0.12,0.07,4,0.044,20,0,"34,35,36"
01_0033,"Wheat, whole, raw Gom",1,344,1450,10,11.2,2.9,62,12.2,1.6,41,4.9,142,316,293,18,2.79,0.7,0,0,5,0,1.9,0.49,0.12,5.5,0.3,38,0,"34,35,36"
01_0034,"Biscuit, sweet* Misti biscuit",1,344,1450,24.3,5.8,10,56.7,2.4,0.8,83,2.1,32,131,116,83,0.87,0.13,0,0,0,0,0.93,0.05,0.03,1,0.049,7,0,"28,29,30"
01_0035,Plain Khichuri* Khichuri,1,163,683,65.7,5.1,7.4,17.7,2.5,1.6,13,1.1,19,54,92,410,0.69,0.12,24,21,27,0.1,0.13,0.08,0.02,0.3,0.041,4,0.2,"28,29,30"
01_0036,Plain pulao* Plain pulao,1,128,539,69.7,2.2,2.3,24.1,1.1,0.6,6,0,16,39,27,167,0.34,0.05,0,0,0,0,0.1,0.01,0.01,0.3,0.004,2,0.1,"28,29,30"
01_0037,"Rice, BR-28, boiled* (without salt) Bhat, BR-28, bosa bhat",1,109,464,71.2,2.1,0.1,24.3,1.1,0.2,6,0.3,16,39,39,3,0.41,0.07,0,0,0,0,0.04,0.03,0.01,1.1,0.028,3,0,"31,32,33"
01_0038,"Bhat, siddha, dhekichata",1,112,473,72,2.4,0.7,23.2,1.2,0.4,6,1,18,75,52,4,0.58,0.12,0,0,0,0,0.22,0.04,0.02,1.6,0.1,11,0,"31,32,33"
01_0039,"Bhat, lal, siddha, kolechata",1,112,475,71.9,2.5,0.8,23.2,1.2,0.4,7,0.4,18,78,84,4,0.58,0.12,0,0,0,0,0.22,0.04,0.02,1.6,0.1,11,0,"31,32,33"
01_0040,"Bhat, Sugondhi, bosa bhat",1,110,467,72,2.2,0.2,24.4,1,0.2,6,0.4,15,38,20,3,0.33,0.04,,,,,,,,,,,,"31,32,33"
01_0041,"Rice, white, sunned, polished, Bhat, Atop, bosa bhat",1,111,469,71.9,2.1,0.1,24.8,1,0.1,5,0.4,15,38,19,4,0.33,0.04,,,,,,,,,,,,"34,35,36"
01_0042,Ruti* Ruti,1,246,1040,37.3,7.5,1.2,49.7,3.1,1.1,11,2.7,42,99,149,231,1.1,0.13,0,0,0,0,0.3,0.07,0.04,1.3,0.063,7,0,"34,35,36"
01_0043,"Vermicelli, boiled* (without salt) Semai siddha",1,151,640,61.6,3.9,0.3,32.6,1.4,0.3,11,0.9,19,38,49,4,0.57,0.13,,,,,,,,,,,,"34,35,36"
02_0001,"Cholar dal, vanga",1,375,1580,10.5,20.2,6,59.2,1.2,2.8,56,8.8,110,331,725,39,3.34,1.34,3,0,40,0,2.88,0.48,0.27,2.4,0.535,148,0,"42,43,44"
02_0002,"Bengal gram, whole, dried, raw Chola, shukna",1,350,1470,8.9,20.4,6,44.8,17.4,2.6,203,8.8,130,368,716,33,2.68,1.23,3,0,40,0,2.88,0.3,0.27,4.9,0.535,186,0,"42,43,44"
02_0003,"Black gram, dehulled, dried, raw Mashkalai dal, asto",1,317,1340,11.3,22.3,1.7,45.1,16.3,3.3,184,5.9,189,337,1121,33,2.31,1.07,2,0,24,0,1.9,0.42,0.26,5.9,0.28,140,0,"42,43,44"
02_0004,"Black gram, split, dried, raw Maskalai dal, vanga",1,350,1490,10.5,22.6,1.2,61.8,0.9,3,53,3.3,142,385,790,35,2.45,1.08,5,0,56,0,1.9,0.42,0.18,2,0.28,132,0,"42,43,44"
02_0005,"Green gram, split, dried, raw Mung dal, vanga",1,351,1490,9.8,23.7,1.2,60.9,0.7,3.7,69,7.2,147,315,1300,30,2.73,1.66,3,0,39,0,1.9,0.36,0.14,6.6,0.5,140,0,"42,43,44"
02_0006,"Green gram, whole, dried, raw Mungkalai",1,318,1340,10.4,23.7,1.3,44.8,16.3,3.5,137,7.9,189,326,1780,28,2.68,1.17,3,0,39,0,1.9,0.47,0.39,6.6,0.5,140,0,"42,43,44"
02_0007,"Grass pea, split, dried, raw Khesari dal, vanga",1,352,1490,9.4,28.4,0.9,56.5,2.2,2.6,61,5.3,101,374,813,35,3.38,1.08,5,0,60,0,0.5,0.37,0.21,2.9,0.348,207,0,"42,43,44"
02_0008,"Lentil, dried, raw Mosur dal",1,317,1340,12.2,27.7,0.8,43.2,13.2,2.9,23,5.1,72,261,635,37,3.89,0.79,3,0,34,0,0.37,0.77,0.13,6.3,0.336,36,0,"42,43,44"
02_0009,"Pea, dried, raw Motor",1,327,1380,11.7,22.1,2.1,48.3,13,2.8,75,4.8,102,298,709,21,3.49,1.29,3,0,39,0,1.04,0.47,0.13,5.5,0.075,33,0,"42,43,44"
02_0010,"Red gram, split, dried, raw Arhar dal",1,347,1470,10.8,22.3,1.5,60.4,1.5,3.5,55,2.7,96,304,1100,29,2.1,1.2,3,0,30,0,0.83,0.45,0.19,2.9,0.283,103,0,"42,43,44"
02_0011,"Soybean, dried, raw Gari kalai/Soyabean",1,424,1770,9.2,32.9,19.9,23.6,9.3,5,241,11.3,207,691,1530,5,5.7,1.25,1,0,13,0,2.9,0.73,0.5,7.9,0.417,100,0,"42,43,44"
02_0012,"Chola siddha, lobon chara",1,182,766,52.5,10.6,3.1,23.3,9.1,1.3,94,4,59,172,280,16,1.26,0.45,2,0,21,0,1.35,0.1,0.1,1.7,0.195,48,0,"42,43,44"
02_0013,"Mung dal siddha, lobon chara",1,161,685,58.5,10.9,0.5,28.1,0.3,1.7,30,2.9,59,131,448,13,1.13,0.54,1,0,18,0,0.8,0.11,0.05,2,0.2,32,0,"42,43,44"
02_0014,"Grass pea, split, boiled* (without Khesari dal siddha, lobon",1,142,602,63.5,11.4,0.4,22.8,0.9,1,24,1.9,36,136,246,13,1.23,0.31,2,0,24,0,0.2,0.1,0.06,0.8,0.098,42,0,"42,43,44"
02_0015,"Lentil, boiled* (without salt) Mosur dal siddha, lobon chara",1,155,657,56.9,13.6,0.4,21.2,6.5,1.4,12,2.2,31,115,234,16,1.72,0.27,1,0,17,0,0.16,0.24,0.05,2,0.115,9,0,"42,43,44"
02_0016,"Pea, boiled* (without salt) Motor siddha, lobon chara",1,170,718,54,11.5,1.1,25.2,6.8,1.4,37,2.3,47,140,277,12,1.64,0.47,2,0,20,0,0.49,0.16,0.05,1.9,0.027,9,0,"42,43,44"
03_0001,"Amaranth, stem, raw Data",0.73,21,91,92.3,0.9,0.1,3.7,1.2,1.8,,,,,,,,,,,,,,,,,,,,"50,51,52"
03_0002,"Bean, scarlet runner, raw Shim",0.59,54,228,85,3.9,0.1,8.3,2,0.7,44,1.1,25,34,220,0,0.48,0.02,32,0,384,0,0.06,0.05,0.01,0,0.08,60,8.7,"50,51,52"
03_0003,"Bean, seeds and pods, raw Shim",0.91,29,122,90,2.4,0.1,2.5,4.3,0.6,70,0.9,51,49,170,10,0.37,0.6,19,0,227,0,0.51,0.08,0.09,0.5,0.063,62,9.6,"50,51,52"
03_0004,"Beet root, red, raw Beet",0.85,46,194,85.8,2,0.1,7.9,2.8,1.4,15,1,23,40,325,78,0.35,0.08,1,0,7,0,0.08,0.03,0.06,0.4,0.067,109,14.5,"50,51,52"
03_0005,"Brinjal, purple, long, raw Begun, kalo, lomba",0.94,24,100,91.4,1.9,0.1,2,4.1,0.7,21,0.4,24,47,178,8,0.57,0.68,4,0,45,0,0.1,0.03,0.07,0.9,0.079,34,1.3,"50,51,52"
03_0006,"Broad beans, raw Makhon shim",0.88,50,209,85.4,4.5,0.6,4.5,4.2,0.8,50,1.4,38,95,250,50,0.58,0.07,8,0,102,0,0.28,0.08,0.11,2.4,0.038,96,9,"50,51,52"
03_0007,"Cabbage, raw Badhakopi",0.88,24,101,92.7,1.5,0.3,2.6,2.5,0.4,30,0.5,15,30,170,8,0.4,0.02,5,0,59,0,0.2,0.06,0.05,0.6,0.156,43,16.1,"50,51,52"
03_0008,"Carrot, raw Gajor",0.83,34,147,89.7,0.9,0.3,6,2.6,0.6,26,0.4,16,35,145,54,0.07,0.23,329,0,6280,0,0.55,0.04,0.09,1.1,0.133,15,1.4,"50,51,52"
03_0009,"Cauliflower, raw Fulkopi",0.45,27,113,91.8,2.6,0.3,2.5,2,0.8,33,0.8,22,44,299,20,0.41,0.03,1,0,8,0,0.22,0.03,0.03,1.1,0.184,57,72.7,"50,51,52"
03_0010,"Chilli, green, with seeds, raw Kancha morich",0.91,45,189,85.5,2.8,0.1,5.9,4.7,1,22,1.6,43,30,282,12,1.97,0.87,10,0,115,0,0.29,0.03,0.05,1.3,0.23,10,102.3,"50,51,52"
03_0011,"Cowpea, pods and seeds, raw Borboti",0.9,39,160,87,3,0.4,2.8,6,0.8,54,0.5,51,53,431,23,1.01,0.13,,,,,,,,,,,,"50,51,52"
03_0012,"Cucumber, peeled, raw Shosa",0.83,17,72,95.1,0.8,0.1,2.9,0.7,0.4,13,0.6,12,17,105,2,0.17,0.05,4,0,44,0,0.07,0.16,0.02,0.3,0.051,14,7.2,"50,51,52"
03_0013,"Drumstick, pods, raw Sajna data",0.63,43,181,85.2,2.9,0.2,5.1,4.8,1.9,24,0.2,28,110,259,42,0.16,0.01,,,,,,,,,,,,"53,54,55"
03_0014,"Garlic, raw Rosun",0.84,147,623,61.6,6.9,0.6,27.6,2.1,1.3,25,1.6,25,162,511,11,1.08,0.18,0,0,0,0,0.08,0.13,0.12,2.4,1.235,4,24.1,"53,54,55"
03_0015,"Gourd, ash, raw Chalkumra",0.67,10,41,96.5,0.4,0.1,1,1.7,0.3,30,0.8,17,14,139,39,0.1,0.02,,,,,,,,,,,,"53,54,55"
03_0016,"Gourd, bitter, raw Korola",0.95,31,129,90.4,2.1,0.3,3.6,2.6,1.1,16,1.8,31,20,182,36,0.35,0.27,,,,,,,,,,,,"53,54,55"
03_0017,"Gourd, bottle, raw Lau",0.87,34,142,90.8,1.1,0.1,6.8,0.6,0.6,26,0.7,11,53,150,39,0.58,0.16,,,,,,,,,,,,"53,54,55"
03_0018,"Gourd, pointed, raw Potol",0.95,24,102,92.6,2,0.3,2.2,2.2,0.5,16,1.7,15,18,148,28,0.4,0.17,,,,,,,,,,,,"53,54,55"
03_0019,"Gourd, ridge, raw Jhinga",0.82,29,121,92.4,1.3,0.4,4.6,1.1,0.3,21,1.3,14,32,139,39,0.5,0.23,2,0,26,0,0.1,0.11,0.03,0.5,0.043,7,4.6,"53,54,55"
03_0020,"Gourd, snake, raw Chichinga",0.98,24,103,93.4,0.5,0.3,4.5,0.8,0.5,31,0.4,17,28,155,39,0.32,0.18,,,,,,,,,,,,"53,54,55"
03_0021,"Gourd, sponge, raw Dhundul",0.94,24,102,92.9,0.9,0.2,4.3,1.1,0.7,19,0.6,14,32,139,39,0.5,0.23,,,,,,,,,,,,"53,54,55"
03_0022,"Gourd, teasle, raw Kakrol",0.85,61,259,83.7,1.9,0.5,11.8,1.1,1.1,27,2.6,20,26,186,52,0.48,0.1,14,0,163,0,0.23,0.08,0.06,0.8,0.043,16,142.8,"53,54,55"
03_0023,"Okra/ladies finger, raw Dheros",0.84,39,164,87.7,2.1,0.2,5.7,3.1,1.1,93,0.9,20,28,178,37,0.34,0.08,19,0,227,0,0.27,0.04,0.16,1.4,0.215,60,17.5,"53,54,55"
03_0024,"Onion, raw Piaj",0.87,59,249,83.7,1.4,0.1,12.2,1.9,0.7,24,0.9,24,29,210,11,0.41,0.36,2,0,23,0,0.02,0.05,0.14,0.3,0.168,19,4.5,"53,54,55"
03_0025,"Papaya, unripe, raw Kancha pepe",0.66,30,125,90.6,0.8,0.1,5.7,1.5,1.3,15,0.6,56,15,129,7,0.22,0.02,,,,,,,,,,,,"56,57,58"
03_0026,"Peas, raw Motorshuti",0.53,91,384,74.3,7,0.4,12.5,5.1,0.9,43,1.6,47,108,244,5,1.24,0.18,38,0,455,0,0.13,0.4,0.14,2.8,0.169,65,7.6,"56,57,58"
03_0027,"Plantain, raw Kancha kola",0.58,77,327,78.9,2,0.3,15.5,2.3,1,22,0.6,28,21,242,4,0.14,0.08,56,0,676,0,0.14,0.09,0.06,0.9,0.299,22,7.3,"56,57,58"
03_0028,"Pumpkin, raw Mistikumra",0.79,18,77,93.9,1.4,0.3,1.3,2.4,0.7,52,0.7,10,16,349,8,0.11,0.21,369,0,4430,0,1.06,0.07,0.06,0.8,0.061,16,21.1,"56,57,58"
03_0029,"Radish, raw Mula",0.99,18,74,94.3,0.9,0.1,2.5,1.6,0.6,24,0.4,15,23,142,40,0.38,0.03,0,0,0,0,0,0.43,0,0.5,0.071,25,17.3,"56,57,58"
03_0030,"Tomato, green, raw Kancha tomato",0.98,23,96,93.3,1.9,0.2,2.5,1.7,0.4,16,0.3,7,28,156,7,0.19,0.3,,,,,,,,,,,,"56,57,58"
03_0031,"Tomato, red, ripe, raw Paka tomato",1,16,66,95,1.1,0.2,1.4,1.7,0.5,13,0.2,7,24,156,7,0.41,0.97,9,0,104,0,0.54,0.04,0.04,0.6,0.049,15,12.3,"56,57,58"
03_0032,"Turnip, raw Shalgom",0.74,26,110,92.1,1.1,0.2,4.1,1.8,0.7,32,0.4,10,34,236,41,0.52,0.05,0,0,0,0,0.03,0.04,0.02,0.6,0.09,15,24.7,"56,57,58"
03_0033,"Begun siddha, lobon chara",1,26,109,90.6,2.1,0.1,2.1,4.4,0.7,24,0.4,21,47,132,8,0.52,0.63,4,0,47,0,0.11,0.02,0.06,0.7,0.06,20,1,"50,51,52"
03_0034,"Cabbage, boiled* (without salt)",1,27,115,91.7,1.7,0.4,2.9,2.8,0.5,35,0.5,12,31,97,9,0.34,0.03,5,0,60,0,0.23,0.04,0.04,0.4,0.115,24,7.3,"50,51,52"
03_0035,"Carrot, boiled* (without salt) Gajor siddha, lobon chara",1,43,181,87.3,1.1,0.3,7.3,3.1,0.7,34,0.5,14,39,81,40,0.07,0.26,364,0,6960,0,0.68,0.04,0.07,1,0.115,9,0.7,"50,51,52"
03_0036,"Cauliflower, boiled* (without salt) Fulkopi siddha, lobon chara",1,28,119,91.4,2.7,0.3,2.7,2.1,0.8,36,0.8,20,42,214,18,0.37,0.02,1,0,8,0,0.22,0.02,0.02,0.7,0.135,32,46.6,"50,51,52"
03_0037,"Cowpea, boiled* (without salt) Borboti siddha, lobon chara",1,40,167,86.5,3.1,0.4,3,6.3,0.8,54,0.5,43,50,306,20,0.9,0.12,,,,,,,,,,,,"50,51,52"
03_0038,"Gourd, pointed, boiled* (without salt) Potol siddha, lobon chara",1,28,116,91.6,2.3,0.4,2.5,2.5,0.6,20,1.7,15,18,115,26,0.39,0.17,,,,,,,,,,,,"53,54,55"
03_0039,"Gourd, teasle, boiled* (without salt) Kakrol siddha, lobon chara",1,69,294,81.5,2.2,0.5,13.4,1.3,1.2,31,2.6,19,27,144,46,0.46,0.1,15,0,178,0,0.26,0.06,0.05,0.6,0.034,10,99,"53,54,55"
03_0040,"Dheros siddha, lobon chara",1,32,134,90,1.7,0.1,4.7,2.5,0.9,72,0.7,13,21,99,24,0.23,0.06,15,0,177,0,0.21,0.02,0.1,0.8,0.123,26,8.7,"53,54,55"
03_0041,"Papaya, unripe, boiled* (without salt)",1,32,134,89.9,0.8,0.1,6.1,1.6,1.4,17,0.6,48,15,94,8,0.2,0.02,,,,,,,,,,,,"56,57,58"
03_0042,"Plantain, boiled* (without salt)",1,76,320,79.3,1.9,0.3,15.2,2.3,1,22,0.6,23,18,161,5,0.12,0.07,53,0,636,0,0.13,0.06,0.04,0.6,0.205,12,4.3,"56,57,58"
03_0043,"Pumpkin, boiled* (without salt)",1,29,120,90.4,2.2,0.5,2.1,3.8,1.1,79,1.1,14,23,371,13,0.14,0.28,554,0,6640,0,1.61,0.08,0.07,0.8,0.067,14,20.1,"56,57,58"
03_0044,"Radish, boiled* (without salt) Mula siddha, lobon chara",1,24,99,92.4,1.2,0.1,3.3,2.1,0.8,35,0.5,14,28,86,33,0.38,0.04,0,0,0,0,0,0.4,0,0.4,0.066,17,9.2,"56,57,58"
03_0045,"Tomato, red, ripe, boiled* (without Paka tomato siddha, lobon",1,30,124,90.6,2.1,0.5,2.7,3.1,1,24,0.4,12,41,200,11,0.66,1.55,16,0,187,0,0.98,0.05,0.05,0.7,0.064,15,14.1,"56,57,58"
03_0046,Lady’s finger-tomato bhuna * Dheros-tomato bhuna,1,127,526,72.1,3.4,7.4,9,5,3.1,128,1.4,31,50,319,565,0.67,0.53,26,0,299,0,0.81,0.06,0.22,1.5,0.297,60,24.5,"53,54,55"
03_0047,"Gourd, bitter, boiled* (without salt) Korola siddha, lobon chara",1,35,147,89,2.3,0.4,4.1,3,1.2,20,1.8,29,20,141,33,0.34,0.26,,,,,,,,,,,,"53,54,55"
03_0048,"Gourd, bitter, fry*",1,130,540,74,3.1,9.1,7.1,4.1,2.7,27,2.9,48,34,304,469,0.61,0.44,30,0,305,0,0.31,0.07,0.06,0.6,0.041,45,103.2,"53,54,55"
04_0001,"Agathi, raw Bok ful shak",1,88,370,73.1,8.4,1.8,5.7,7.9,3.1,,,,,,,,,,,,,,,,,,,,"62,63"
04_0002,,,,,,,,,,,,,,,,,,,,,,,,,,,,,,"62,63"
04_0003,"Amaranth, leaves, spiney, raw Kanta notay shak",0.79,51,214,81.8,4.8,0.3,5.2,4.4,3.6,640,14.4,265,72,679,56,0.32,0.36,,,,,,,,,,,,"62,63"
04_0004,"Amaranth, leaves, red, raw Lal shak",0.69,32,131,88.8,4.5,0.3,0.5,4.2,1.7,256,6,181,32,261,59,0.96,0.22,,,,,,,,,,,,"62,63"
04_0005,"Amaranth, leaves, green, raw Sobuj data shak",0.79,25,104,91,2,0.3,1.5,4.4,0.9,171,8.4,181,47,321,36,0.98,0.12,,,,,,,,,,,,"62,63"
04_0006,"Dock leaves, raw Chukai shak, bivinno projati",1,46,194,86.4,3.1,0.7,5.9,1.8,2.1,74,6.7,82,48,602,14,0.43,0.13,,,,,,,,,,,,"62,63"
04_0007,Beet greens leaves Beet shak,0.54,31,129,88.7,2.8,0.5,2.1,3.7,2.3,249,2.6,70,36,762,226,0.41,0.14,,,,,,,,,,,,"62,63"
04_0008,"Bengal dayflower, leaves, raw Bat baitta shak",0.71,22,94,92.3,2,0.3,2.2,1.4,1.7,113,7.1,77,19,473,21,0.63,0.09,,,,,,,,,,,,"62,63"
04_0009,"Bitter gourd leaves, green, raw Korola shak",0.38,55,231,84,4.9,0.5,6.1,3.1,1.4,110,5.2,167,90,724,31,0.95,0.59,,,,,,,,,,,,"62,63"
04_0010,"Bottle gourd leaves, raw Lau shak",0.71,26,109,90.2,2.5,0.6,0.6,4.4,1.7,94,3.1,69,28,276,41,0.49,0.15,,,,,,,,,,,,"62,63"
04_0011,"Bugleweed, raw Sabarang",0.71,43,179,88.6,2.6,1.3,4.6,1.3,1.7,,,,,,,,,,,,,,,,,,,,"62,63"
04_0012,"Cassava, leaves, raw Simei alu shak",0.85,62,259,82.4,4.7,1.2,5.7,4.8,1.3,201,4.9,54,36,303,22,0.45,0.81,,,,,,,,,,,,"62,63"
04_0013,"Colocasia leaves, black, raw Kalo kochu shak",0.7,62,261,81.8,5.6,1.2,5.3,3.7,2.4,392,2.1,130,39,763,48,0.98,0.25,,,,,,,,,,,,"62,63"
04_0014,"Colocasia leaves, green, raw Shobuj kochu shak",0.8,51,212,84.7,4,1.1,4.4,3.7,2.1,235,4.9,61,40,764,47,0.68,0.19,,,,,,,,,,,,"65,66"
04_0015,"Cowpea, leaves, raw Borboti pata",0.8,34,141,89,3.4,0.7,1.7,3.6,1.6,290,5.1,60,61,475,44,0.5,0.27,,,,,,,,,,,,"65,66"
04_0016,"Dima leaves, raw Dima shak",0.71,33,137,91.1,1.7,1,3.6,1,1.6,,,,,,,,,,,,,,,,,,,,"65,66"
04_0017,"Drumstick, leaves, raw Sajna pata",0.75,72,300,79.7,6.7,1.8,4.6,5.2,2,440,0.9,42,70,259,30,0.16,0.07,,,,,,,,,,,,"65,66"
04_0018,"Fern, leaves, raw Dheki shak",1,68,287,82.3,1.3,0.6,13.7,1,1.1,,,,,,,,,,,,,,,,,,,,"65,66"
04_0019,"Fenugreek, leaves, raw Methi shak",0.59,50,210,86.1,4.4,0.9,5,2.1,1.5,395,1.9,41,51,31,76,0.34,0.1,,,,,,,,,,,,"65,66"
04_0020,"Indian spinach, raw Pui shak",0.71,25,105,91.8,2.4,0.3,2.1,2.2,1.2,111,2.2,179,31,187,69,0.35,0.06,,,,,,,,,,,,"65,66"
04_0021,"Jute leaves, raw Pat shak",0.69,32,134,87.6,2.9,0.3,1.7,5.8,1.8,120,9.7,42,60,225,60,1.47,0.02,,,,,,,,,,,,"65,66"
04_0022,"Pumpkin leaves, raw Misti kumra shak",0.71,29,122,90.8,2.4,0.4,2.8,2.1,1.4,40,2.2,38,104,436,11,0.2,0.13,,,,,,,,,,,,"65,66"
04_0023,"Radish leaves, raw Mula shak",0.9,32,135,90.7,1.8,0.7,3.4,2.6,0.8,147,2.8,20,41,260,70,0.48,0.07,,,,,,,,,,,,"65,66"
04_0024,"Slender amaranth leaves, raw Notay shak",0.79,47,196,83.9,4.1,0.5,4.3,4.4,2.8,227,5.4,32,50,670,56,1.2,0.22,,,,,,,,,,,,"65,66"
04_0025,"Spinach, raw Palong shak",0.87,26,107,90.8,3,0.5,0.9,2.9,2,90,2.2,52,45,471,171,0.9,0.1,,,,,,,,,,,,"65,66"
04_0026,"Sweet potato leaves, raw Misti alu shak",1,45,185,84,4,0.8,1.8,7.3,2.1,194,2.7,50,81,497,47,0.32,0.19,,,,,,,,,,,,"65,66"
04_0027,"Sweet potato leaves, SP4, dark green, mature, raw Misti alu shak (SP4)",1,45,189,83.3,3.9,0.4,2.8,7.7,2,198,2.8,65,85,690,67,0.36,0.15,4,448,0,5380,0,0.04,0.1,2.2,0.049,84,0.9,"68,69"
04_0028,"Sweet potato leaves, SP7, dark green, mature, raw Misti alu shak (SP7)",1,45,185,82.4,4.9,0.3,1.2,8.5,2.7,117,2.9,38,89,347,63,0.34,0.19,7,276,0,3310,0,0.23,0.11,2.3,0.32,88,3.3,"68,69"
04_0029,"Sweet potato leaves, SP8, light green, mature, raw Misti alu shak (SP8)",1,50,206,82.6,3.6,0.4,3.9,8,1.6,106,2.9,47,88,530,51,0.26,0.24,8,118,0,1421,0,0.05,0.11,2.3,0.04,87,2.4,"68,69"
04_0030,"Water spinach, raw Kolmee shak",0.71,43,179,87.1,1.9,0.4,6,3.7,0.9,107,2.2,19,36,207,107,0.51,0.06,,,,,,,,,,,,"68,69"
04_0031,"Watercress, raw Helencha shak",0.75,49,206,87.4,2,0.5,8.8,0.5,0.8,31,1.9,27,52,230,49,0.52,0.02,530,0,6360,0,1.46,0.04,0.16,1,0.129,45,43,"68,69"
04_0032,"Lal shak siddha, lobon chara",1,37,155,86.8,5.3,0.4,0.6,5,2,287,5.3,129,34,154,53,0.85,0.25,,,,,,,,,,,,"62,63"
04_0033,"Amaranth, leaves, green, boiled* Sobuj data shak siddha, lobon",1,30,123,89.3,2.3,0.3,1.7,5.1,1.1,192,7.4,129,50,190,32,0.86,0.14,,,,,,,,,,,,"62,63"
04_0034,"Notay shak siddha, lobon chara",1,55,232,81.1,4.8,0.6,5.1,5.1,3.3,255,4.8,23,53,395,50,1.06,0.25,,,,,,,,,,,,"65,66"
04_0035,"Spinach, boiled* (without salt) Palong shak siddha, lobon chara",1,47,195,83.1,5.4,0.9,1.6,5.3,3.6,157,3.1,57,74,430,235,1.23,0.16,,,,,,,,,,,,"65,66"
04_0036,"Indian spinach, boiled* (without",,,,,,,,,,140,2.2,142,37,123,69,0.35,0.08,,,,,,,,,,,,"65,66"
05_0001,"Colocasia/Taro, corm, raw Kochur mukhi",0.84,103,435,71.1,2.2,0.2,21,4.1,1.4,35,0.7,33,84,591,11,0.23,0.17,4,0,45,0,2.38,0.12,0.03,1.1,0.283,22,6.1,"73,74,75"
05_0002,"Colocasia/Taro/Tannia, cormel, raw Dudh kochu",0.87,101,427,71.9,2.2,0.2,20.6,4.1,1,40,0.9,33,33,591,9,0.23,0.17,,,,,,,,,,,,"73,74,75"
05_0003,"Elephant foot, corm, raw Ole kochu",0.8,74,314,78.7,1.2,0.1,15.1,4.1,0.8,50,0.6,33,84,591,9,0.23,0.17,,,,,,,,,,,,"73,74,75"
05_0004,"Giant taro, corm, raw Mann kochu",0.84,82,346,76.7,1.5,0.2,16.6,4.1,1,46,1,33,72,591,9,0.23,0.17,,,,,,,,,,,,"73,74,75"
05_0005,"Potato, Diamond, raw Gol alu, Diamond jat, khosa chara",0.84,66,281,81.7,1.2,0.2,14,2.1,0.9,11,0.5,21,40,286,16,0.79,0.43,2,0,27,0,0.02,0.08,0.09,0.8,0.277,18,19.1,"73,74,75"
05_0006,"Misti alu, Komola Sundori",0.84,97,409,73.7,0.9,0.3,21.1,3,1,30,0.6,25,38,214,22,0.3,0.15,719,0,8630,0,0.26,0.08,0.06,0.8,0.209,11,23,"73,74,75"
05_0007,"Sweet potato, pale-yellow flesh, raw Misti alu, holdey",0.84,105,443,71.7,0.9,0.3,23.1,3,1,25,1,27,44,219,22,0.14,0.11,3,0,39,0,0.26,0.06,0.02,0.8,0.209,11,20.4,"73,74,75"
05_0008,"Misti alu, lal khosa",0.84,104,441,71.8,0.6,0.3,23.4,3,1,32,1.4,27,50,232,22,0.4,0.09,3,0,39,0,0.26,0.08,0.06,0.8,0.209,11,35.1,"73,74,75"
05_0009,"Sweet potato, white flesh, raw Misti alu, sada",0.84,98,415,73.5,0.6,0.3,21.8,3,0.8,25,1.5,25,50,232,21,0.38,0.1,1,0,17,0,0.26,0.08,0.06,0.8,0.209,11,20.3,76
05_0010,"Yam, tuber, raw Bon alu, bivinno projati",0.81,97,410,73.1,1.5,0.2,20.3,4.1,0.8,17,0.8,17,35,353,9,0.34,0.18,3,0,30,0,0.46,0.11,0.03,0.8,0.293,23,12.8,76
05_0011,"Colocasia/Taro, boiled* (without salt) Kochur mukhi siddha, lobon chara",1,115,487,67.5,2.5,0.2,23.6,4.6,1.6,40,0.8,35,88,530,12,0.23,0.17,4,0,48,0,2.67,0.1,0.03,0.9,0.238,16,4.8,"73,74,75"
05_0012,"Potato, Diamond, boiled* (without salt) Gol alu siddha, lobon chara",1,67,284,81.5,1.2,0.2,14.2,2.1,0.9,14,0.6,20,38,232,15,0.72,0.39,2,0,26,0,0.02,0.06,0.08,0.6,0.21,11,13.5,"73,74,75"
05_0013,"Sweet potato, pale-yellow flesh, boiled* Misti alu, holdey, siddha, lobon",1,106,448,71.4,0.9,0.3,23.4,3,1,27,1.1,26,42,177,20,0.13,0.1,3,0,38,0,0.26,0.05,0.02,0.6,0.159,7,14.4,"73,74,75"
05_0014,"Sweet potato, white flesh, boiled* Misti alu, sada, siddha, lobon",1,99,420,73.2,0.6,0.3,22.1,3,0.8,26,1.5,24,47,188,19,0.35,0.09,1,0,16,0,0.26,0.06,0.05,0.6,0.159,7,14.4,76
05_0015,"Sweet potato, skin purple, flesh pale- Misti alu, lal khosa, siddha,",1,106,447,71.4,0.6,0.3,23.6,3,1,33,1.4,26,47,188,20,0.37,0.08,3,0,38,0,0.26,0.06,0.05,0.6,0.159,7,24.9,76
05_0016,"flesh, raw Sweet potato, Komola Sundori, orange Misti alu, Komola Sundori, siddha,",1,98,414,73.4,0.9,0.3,21.4,3,1,31,0.7,24,36,174,20,0.27,0.14,692,0,8300,0,0.26,0.06,0.05,0.6,0.159,7,16.3,"73,74,75"
05_0017,"Dudh kochu siddha, lobon chara",1,113,478,68.5,2.4,0.2,23.1,4.6,1.2,46,1.1,35,34,530,10,0.23,0.17,,,,,,,,,,,,"73,74,75"
05_0018,"Ole kochu siddha, lobon chara",1,83,352,76.1,1.3,0.1,16.9,4.6,0.9,56,0.7,35,88,530,10,0.23,0.17,,,,,,,,,,,,"73,74,75"
05_0019,"Giant taro, corm, boiled* (without salt) Mann kochu siddha, lobon chara",1,92,388,73.9,1.6,0.2,18.6,4.6,1.1,52,1.1,35,75,530,10,0.23,0.17,,,,,,,,,,,,"73,74,75"
05_0020,"Yam, tuber, boiled* (without salt) Bon alu siddha, lobon chara",1,109,460,69.8,1.7,0.2,22.8,4.6,0.9,21,0.9,19,36,316,10,0.34,0.18,3,0,32,0,0.52,0.1,0.03,0.6,0.246,16,10,76
05_0021,"Potato Mash* Alu siddha, lobon soho",1,84,354,77,1.4,0.8,16.6,2.5,1.8,14,0.6,23,44,273,310,0.85,0.47,3,0,32,0,0.11,0.07,0.1,0.4,0.247,14,16.5,"73,74,75"
06_0001,"Sunflower seeds, dried Surjomukhi bij",0.54,552,2290,4.7,17.1,40.1,26.4,8.6,3,78,5.3,325,660,645,9,5,1.8,2,0,23,0,35.23,1.48,0.36,9.1,1.345,227,0,"80,81,82"
06_0002,"Cashew nuts, raw Hizlee badam",1,595,2470,5.9,18,46.9,23.5,3.3,2.4,50,5,292,593,660,12,5.78,2.2,1,0,6,0,0.85,0.63,0.19,5.7,0.417,25,0,"80,81,82"
06_0003,"Chilgoza pine, dried Chilgoza",1,712,2940,2.9,13.7,68.4,8.7,3.7,2.7,41,4.9,251,575,597,2,6.45,1.32,1,0,18,0,13.65,0.35,0.25,6.2,0.094,34,0.5,"80,81,82"
06_0004,Coconut milk Narikel dudh,1,213,876,72,2.1,21.7,1.2,2.2,0.8,18,3,45,97,227,14,0.6,0.23,0,0,0,0,0.7,0.03,0.01,0.7,0.028,15,1.3,"80,81,82"
06_0005,"Coconut, desiccated Narikel, shukna",1,652,2680,4.3,5.6,62.2,8.5,17.8,1.6,32,4.7,90,185,660,28,0.9,0.78,0,0,0,0,1.26,0.06,0.02,2.9,0.09,13,0,"80,81,82"
06_0006,"Coconut, mature kernel Narikel",0.78,389,1600,42.9,3.3,36.7,6.9,9.2,1,16,2.2,37,117,424,16,0.74,0.31,0,0,0,0,0.73,0.05,0.04,1.1,0.054,23,3.3,"80,81,82"
06_0007,"Groundnuts/Peanut, raw China badam",1,585,2430,5.3,22.5,46.6,14.8,8.5,2.4,76,2.9,189,403,688,10,3.39,1.08,0,0,0,0,10.09,0.77,0.12,18.4,0.348,175,0,"80,81,82"
06_0008,"Jackfruit seeds, raw Kathal er bichi",0.94,151,639,60.1,5.6,0.4,30.4,1.5,2,,,,,,,,,,,,,,,,,,,,"80,81,82"
06_0009,"Linseed, raw Tisi",1,500,2060,6.5,17.2,39.1,6.1,27.3,3.7,255,5.7,392,642,813,30,4.34,1.22,0,0,0,0,10.35,1.64,0.16,7.7,0.473,87,0,"80,81,82"
06_0010,"Lotus seeds, dried Poddo gota, shukna",1,339,1440,12.7,16.3,2.2,61.6,4.1,3.2,147,5.6,210,626,1370,5,1.05,0.35,,,,,,,,,,,,"80,81,82"
06_0011,"Lotus seeds, green Poddo gota, kancha",0.53,74,312,80.8,4.1,0.6,12.5,0.9,1.1,47,1,56,168,367,1,0.28,0.09,,,,,,,,,,,,"80,81,82"
06_0012,"Mustard seeds, dried Sarisha",1,501,2080,8.5,22,35,18.5,11.8,4.2,257,8.9,357,800,713,13,5.87,0.62,1,0,17,0,5.07,0.65,0.26,8.2,0.383,156,0,"80,81,82"
06_0013,"Pistachio nuts, dried Pesta",0.52,574,2380,4.5,19.2,44.9,18.2,10.3,2.9,117,5.3,121,490,1020,1,2.2,1.3,16,0,195,0,2.3,0.8,0.2,5.8,1.7,51,5.3,"80,81,82"
06_0014,"Pumpkin seeds, dried Mistikumrar bichi",0.81,580,2400,6.3,25.1,47.3,10.6,6,4.7,45,8.1,431,1042,815,13,7.21,1.46,1,0,10,0,2.18,0.27,0.21,10.4,0.143,58,1.5,"80,81,82"
06_0015,"Sesame seeds, whole, dried Til",1,563,2330,5.3,17.7,45.8,14.3,11.7,5.2,969,10.5,349,625,465,11,7.7,4.06,0,0,5,0,2,0.79,0.34,12.2,0.78,97,0,"80,81,82"
06_0016,Walnuts Akhrot,0.45,684,2820,4.5,15.2,64.5,7.3,6.7,1.8,100,4.8,158,346,441,2,3.09,1.59,1,0,12,0,3.61,0.45,0.15,4,0.537,98,1.3,"80,81,82"
07_0001,"Bay leaf, dried Tejpata",1,353,1480,5.4,7.6,8.4,48.7,26.3,3.6,834,43,120,113,529,23,3.7,0.42,,,,,,,,,,,,"87,88"
07_0002,Cardamom Elach,1,261,1090,20,10.2,2.2,37.8,24.4,5.4,130,4.6,173,160,976,16,2.81,0.47,,,,,,,,,,,,"87,88"
07_0003,"Chilli, red, dry Shukna morich",0.94,313,1310,10,15.9,6.2,35.2,26.6,6.1,160,2.3,152,293,2010,30,2.48,0.37,,,,,,,,,,,,"87,88"
07_0004,"Cinnamon, ground Darchini gura",1,243,1010,10.6,4,1.2,27.5,53.1,3.6,1000,8.3,60,64,431,10,1.83,0.34,,,,,,,,,,,,"87,88"
07_0005,"Cloves, dried Labongo",1,267,1100,25.2,5.2,8.9,27.4,28.1,5.2,740,4.9,215,86,847,230,1.93,0.31,,,,,,,,,,,,"87,88"
07_0006,"Coriander leaves, raw Dhone pata",0.7,30,125,87.9,3.3,0.5,0.1,5.9,2.2,160,1.4,34,30,396,58,0.32,0.14,,,,,,,,,,,,"87,88"
07_0007,"Coriander seed, dry Dhonia",1,336,1390,11.2,14.1,16.1,13.4,40.8,4.4,630,17.9,322,398,1230,34,4.58,0.95,,,,,,,,,,,,"87,88"
07_0008,Cumin seeds Jira,1,402,1680,10,18.3,17.6,37.2,10.5,6.4,1020,44.5,404,507,1380,148,3.89,0.96,,,,,,,,,,,,"87,88"
07_0009,Fennel seeds Mauri,1,329,1360,8.3,15.8,14.9,13,39.8,8.2,1200,16.4,387,495,1680,88,3.7,1.07,,,,,,,,,,,,"87,88"
07_0010,Fenugreek seeds Methi,1,330,1380,10.7,21.8,6.9,32.8,24.6,3.2,155,23.6,181,318,710,55,4.7,1.46,,,,,,,,,,,,"87,88"
07_0011,"Ginger root, raw Ada",0.86,72,303,81.1,1.9,0.8,13.3,2,0.9,17,1.1,40,32,387,12,0.36,0.17,,,,,,,,,,,,"87,88"
07_0012,"Indian pennywort, raw Thankuni pata",0.9,37,152,84.5,2.3,0.5,1.6,8.7,2.6,119,3.2,56,45,508,200,1.84,0.3,,,,,,,,,,,,"87,88"
07_0013,"Lemon grass, raw",,,,,,,,,,50,2.8,60,30,196,9,0.6,0.08,,,,,,,,,,,,"87,88"
07_0014,"Lemon peel, raw Lebur khosa",1,65,272,77.8,1.6,0.4,8.7,10.6,1,306,0.9,15,12,160,6,0.25,0.09,,,,,,,,,,,,"87,88"
07_0015,"Mace, ground Jayitri, gura",1,415,1720,15.9,6.5,24.4,33.1,18.5,1.6,180,12.6,213,100,424,73,1.26,1.56,,,,,,,,,,,,"87,88"
07_0016,"Nutmeg, dried Jayfol",0.85,480,1980,14.3,7.5,36.4,21.1,19,1.7,120,4.6,229,240,320,15,1.22,0.71,5,0,61,0,0,0.33,0.01,1.4,0.146,69,0,"90,91"
07_0017,"Pepper, black Golmorich",1,302,1260,11.7,11.8,3.3,43.5,25.3,4.4,443,16.7,185,167,1280,36,1.34,1.2,27,0,329,0,0.72,0.11,0.2,1.1,0.34,14,0,"90,91"
07_0018,Poppy seeds Posto dana,1,523,2160,5.7,17.2,43.1,6.8,19.5,7.7,1490,9.6,339,860,710,24,9.05,1.63,0,0,0,0,2.72,0.85,0.14,5.1,0.55,82,1,"90,91"
07_0019,"Spearmint leaves, fresh Pudina pata",0.45,35,143,87.4,3,0.7,0.6,6.9,1.4,110,15.6,42,62,355,30,1.76,0.15,62,0,740,0,5,0.09,0.26,0.9,0.158,114,22,"90,91"
07_0020,"Turmeric, dried Holud",1,335,1400,11.5,6.9,8.4,47.3,21.1,4.8,168,33.2,192,279,2720,35,3.78,0.8,1,0,15,0,3.1,0.09,0.17,4.4,1.8,39,0,"90,91"
08_0001,"Apple, without skin, raw Apel, khosa chara",0.77,51,215,86.7,0.3,0.1,11.5,1.3,0.2,5,0.1,4,11,90,0,0.05,0.03,2,0,24,0,0.05,0.02,0.03,0.1,0.037,0,4,"97,98,99"
08_0002,"Apple, with skin, raw Apel, khosa soho",0.9,62,262,83.3,0.3,0.2,13.5,2.4,0.2,6,0.1,5,11,107,1,0.04,0.03,3,0,33,0,0.18,0.09,0.03,0.1,0.041,3,4,"97,98,99"
08_0003,"Asian pears, raw Nashpati",0.85,62,259,83,0.6,0.3,12.3,3.6,0.2,6,0.5,8,11,131,6,0.08,0.06,0,0,0,0,0.12,0.03,0.03,0.2,0.022,8,3.8,"97,98,99"
08_0004,"Banana, Sagar, ripe, raw Kola, Sagar, paka",0.74,95,400,75.2,1.3,0.8,19.2,2.6,0.8,11,0.3,23,36,411,10,0.24,0.09,2,0,21,0,0.75,0.05,0.08,0.9,0.105,20,1,"97,98,99"
08_0005,"Breadfruit, raw Madar",0.78,70,293,79.5,1.5,0.2,13,4.9,0.9,40,0.5,25,30,490,2,0.12,0.08,2,0,24,0,0.1,0.04,0.07,0.9,0.1,14,21,"97,98,99"
08_0006,"Bullocks Heart, ripe, raw Nona ata",0.72,81,340,76.8,1.4,0.2,15.7,5.2,0.7,,,,,,,,,,,,,,,,,,,,"97,98,99"
08_0007,"Carambola, raw Kamranga",1,41,172,88.7,0.5,0.7,6.7,2.8,0.5,10,0.8,19,23,128,4,0.38,0.12,7,0,80,0,0.15,0.12,0.04,0.5,0.017,12,49.4,"97,98,99"
08_0008,"Custard apple, raw Atafol",0.45,85,357,76.1,1.8,0.3,16.6,4.4,0.9,17,1,25,47,366,9,0.33,0.09,,,,,,,,,,,,"97,98,99"
08_0009,"Dates, dried Khorma",0.75,301,1270,18,2.2,0.6,67.5,8.3,3.4,63,1.9,24,76,824,14,0.4,0.24,3,0,36,0,0.08,0.1,0.14,3.2,0.17,20,0.4,"97,98,99"
08_0010,"Dates, raw Khejur, paka, taza",0.75,150,636,59.2,1.2,0.4,33.4,4.1,1.7,22,1,12,38,410,7,0.2,0.12,,,,,,,,,,,,"97,98,99"
08_0011,"Elephant apple, ripe, raw Kodbel",0.75,64,271,80.9,3.1,0.4,10.3,3.5,1.8,74,0.7,40,64,360,2,0.37,0.24,,,,,,,,,,,,"97,98,99"
08_0012,"Emblic, raw Amloki",0.89,44,186,86.7,0.8,0.1,8.3,3.4,0.7,32,0.9,28,25,225,4,0.3,0.12,,,,,,,,,,,,"97,98,99"
08_0013,"Fig, ripe, raw Dumur, paka",0.99,40,168,88.1,1.3,0.2,6.7,3.1,0.6,80,1.1,17,31,232,1,0.15,0.07,7,0,85,0,0.11,0.06,0.05,0.5,0.06,5,5,"97,98,99"
08_0014,"Grapes, green, raw Angur, halka sobuj",0.95,94,398,75.3,0.5,0.6,20.2,2.9,0.5,22,0.5,82,30,191,2,0.07,0.13,3,0,33,0,0.4,0.1,0.06,0.3,0.062,8,29,"97,98,99"
08_0015,"Guava, green, raw Peyara, bivinno projati, kancha",1,63,265,81.4,1,0.5,10.9,5.4,0.7,17,0.7,25,18,261,6,0.31,0.15,33,0,390,0,0.73,0.21,0.09,1.2,0.11,49,228.3,"97,98,99"
08_0016,"Hog plum, raw Amra",0.65,51,213,86.7,1.1,0.8,8.9,1.6,0.9,57,2.8,40,11,175,1,0.17,0.11,,,,,,,,,,,,"97,98,99"
08_0017,"Jackfruit, ripe, raw Kathal, paka",0.37,74,312,77,1.2,0.2,13.3,7.2,1.1,13,0.3,42,41,268,1,0.59,0.03,2,0,28,0,0.11,0.11,0.05,0.9,0.313,24,3.4,"100,101,102"
08_0018,"Jambolan, raw Kalojam",0.81,39,164,88.2,0.9,0.5,6.1,3.5,0.8,23,0.8,37,16,172,28,0.21,0.07,,,,,,,,,,,,"100,101,102"
08_0019,"Jambos, raw Jamrul",1,40,169,89.5,0.7,0.3,8,1.2,0.3,9,0.3,4,30,104,34,0.08,0.02,,,,,,,,,,,,"100,101,102"
08_0020,"Java apple, raw Golapjam",1,35,149,89.9,0.7,0.2,6.9,1.6,0.8,10,0.3,23,18,143,6,0.39,0.58,,,,,,,,,,,,"100,101,102"
08_0021,"Jujube, raw",,,,,,,,,,14,0.8,25,33,354,7,0.32,0.15,,,,,,,,,,,,"100,101,102"
08_0022,"Lemon, Kagoji, raw Lebu, Kagoji",0.76,56,234,86,0.8,1,10.2,1.3,0.7,65,0.3,11,10,377,2,0.07,0.06,4,0,45,0,0.8,0.02,0.03,0.2,0.052,17,45.9,"100,101,102"
08_0023,"Lime, sweet, raw Mushambee",0.7,42,177,89.3,0.7,0.5,8.5,0.5,0.6,35,0.5,8,23,490,2,0.1,0.17,2,0,25,0,0.22,0.04,0.03,0.2,0.08,11,48.5,"100,101,102"
08_0024,"Lychee, raw Lichu",0.68,62,259,81.8,1.4,0.5,10.2,5.5,0.6,11,0.5,15,17,131,1,0.27,0.2,,,,,,,,,,,,"100,101,102"
08_0025,"Mango, Fazli, orange flesh, ripe, raw Aam, Fazli, paka",0.69,70,297,81.7,0.9,0.5,14.7,1.6,0.6,14,0.5,15,20,205,1,0.87,0.17,292,0,3510,0,1.12,0.03,0.04,0.6,0.134,71,34.7,"100,101,102"
08_0026,"Mango, Langra, yellow flesh, ripe, raw Aam, Langra, paka",0.69,82,348,78.4,0.8,0.4,18,1.6,0.8,13,0.2,15,16,181,0.4,0.6,0.79,25,0,300,0,0.92,0.09,0.1,0.6,0.162,71,103,"100,101,102"
08_0027,"Melon, Futi, orange flesh, ripe, raw Futi, paka",0.9,17,73,95,0.3,0.2,3.1,1,0.6,17,0.2,21,14,211,3,0.06,0.06,105,0,1260,0,0.07,0.11,0.08,0.5,0.056,21,33.9,"100,101,102"
08_0028,Dewa,0.71,103,435,72.3,1.2,0.7,21.1,3.6,1,57,0.8,24,23,348,46,1.68,1.05,,,,,,,,,,,,"100,101,102"
08_0029,"Bangee, paka",0.9,16,67,95.5,0.3,0.2,2.8,0.8,0.4,21,0,20,35,130,7,0.06,0.09,4,0,43,0,0.07,0.11,0.08,0.5,0.056,21,26,"100,101,102"
08_0030,"Orange juice, raw (unsweetened) Komolar ross",1,9,38,97.7,0.2,0.1,1.7,0.2,0.1,5,0.7,8,13,150,10,0.05,0.04,2,0,24,0,0.17,0.06,0.02,0.3,0.048,6,64,"100,101,102"
08_0031,"Orange, raw Komola",0.67,44,186,87.7,0.7,0.2,8.7,2.4,0.3,23,0.2,17,25,132,5,0.07,0.03,19,0,224,0,0.24,0.04,0.01,0.5,0.082,30,54,"103,104,105"
08_0032,"Orange, sweet, ripe, raw Malta, paka",0.67,49,208,86.3,0.2,0.1,10.7,2.4,0.3,31,0.1,10,14,181,2,0.07,0.05,11,0,135,0,0.18,0.15,0.01,0.4,0.082,46,54,"103,104,105"
08_0033,,,,,,,,,,,,,,,,,,,,,,,,,,,,,,"103,104,105"
08_0034,"Taal, paka",0.35,78,332,79.7,0.5,0.4,17.8,0.7,0.9,16,1.7,14,58,239,2,0.27,0.13,,,,,,,,,,,,"103,104,105"
08_0035,"Papaya, ripe, raw Pepe, paka",0.75,33,139,90.5,0.6,0.1,6.5,1.7,0.6,29,0.3,10,11,182,4,0.17,0.03,60,0,721,0,0.3,0.08,0.03,0.5,0.019,58,61.8,"103,104,105"
08_0036,"Persimmon, ripe, raw Gab, Bilati, paka",0.84,67,284,81.2,0.7,0.2,13.9,3.6,0.5,24,0.2,15,17,180,5,0.07,0.14,81,0,977,0,1.8,0.03,0.14,0.3,0.03,8,12.8,"103,104,105"
08_0037,"Pineapple, Joldugee, ripe, raw Anaros, Joldugee, paka",0.6,43,181,88.7,0.8,0.4,8.3,1.4,0.3,20,1.6,12,7,122,42,0.6,0.24,,,,,,,,,,,,"103,104,105"
08_0038,"Pineapple, ripe, raw Anaros, paka",0.62,47,197,87.2,1,0.1,9.7,1.4,0.6,18,0.7,32,9,175,13,0.22,0.12,5,0,61,0,0.1,0.2,0.12,0.4,0.09,12,33.9,"103,104,105"
08_0039,"Pomegranate, ripe, with seed, raw Bedana, paka, bichi soho",0.8,67,283,80.9,1.6,0.2,12.7,4,0.6,21,0.3,44,70,133,1,0.82,0.34,3,0,33,0,0.6,0.02,0.1,0.5,0.105,38,26,"103,104,105"
08_0040,"Pomelo, raw Zambura",0.77,38,159,89.9,0.4,0.3,7.7,1,0.6,36,0.2,15,21,235,1,0.06,0.06,3,0,40,0,0.24,0.06,0.04,0.3,0.036,26,121.7,"103,104,105"
08_0041,"Tamarind, pulp, ripe, raw Tetul, paka",0.41,270,1140,27.9,3.2,0.4,60.8,5.1,2.6,127,4,86,120,700,19,0.11,0.09,1,0,16,0,0.09,0.35,0.12,1.9,0.068,15,11.2,"103,104,105"
08_0042,"Watermelon, ripe, raw Tarmuz, lal, paka",0.78,22,93,94.2,0.5,0.2,4.4,0.4,0.3,12,0.4,11,12,107,17,0.15,0.12,29,0,352,0,0.05,0.02,0.04,0.3,0.045,3,23.9,"103,104,105"
08_0043,"Wood apple, ripe, raw Bel, paka",0.64,111,469,68.5,2.9,0.3,20.9,7,0.6,41,0.4,13,50,493,7,0.26,0.15,,,,,,,,,,,,"103,104,105"
09_0001,"Anchovy, Gangetic hairfin, dried Fesha, shutki",1,328,1390,10.3,70.9,4.9,0,0,11.9,,,,,,,,,,,,,,,,,,,,"110,111,112"
09_0002,"Anchovy, Gangetic hairfin, raw Fesha",1,105,441,74.8,17.7,3.8,0,0,3,452,1.8,39,217,276,51,3.2,0.2,,,,,,,,,,,,"110,111,112"
09_0003,"Anchovy, Gold spotted grebadier, raw",,,,,,,,,,449,4.5,38,238,276,60,1.25,0.09,,,,,,,,,,,,"110,111,112"
09_0004,"Anchovy, Scaly hairfin, raw Fesha, Teli",1,101,427,75.3,19.3,2.7,0,0,2.8,327,2.3,38,175,338,40,1.6,0.2,,,,,,,,,,,,"110,111,112"
09_0005,"Barb, Olive, raw",,,,,,,,,,227,0.6,21,151,267,43,0.74,0.03,,,,,,,,,,,,"110,111,112"
09_0006,"Barb, Olive, without bones, raw Sorpunti, kata chara",0.54,175,729,70.6,17.4,11.7,0,0,1.3,24,0.6,21,156,195,43,0.74,0.03,,,,,,,,,,,,"110,111,112"
09_0007,,,,,,,,,,,,,,,,,,,,,,,,,,,,,,"110,111,112"
09_0008,"soho Barb, Pool barb, without bones, eyes Punti, Vadi punti, chokh",0.77,94,395,76.6,17.6,2.6,0,0,1.4,110,2,38,96,238,53,3,0.07,,,,,,,,,,,,"110,111,112"
09_0009,"Bata, raw Bata",0.77,106,446,74.6,15.9,4.7,0,0,2.1,493,1.2,33,200,201,83,0.94,0.17,,,,,,,,,,,,"110,111,112"
09_0010,"Boal, without bones, raw Boal, kata chara",0.59,80,339,80.8,15.4,2.1,0,0,1.3,83,0.8,37,134,146,63,0.27,0.05,,,,,,,,,,,,"110,111,112"
09_0011,"Bronze feather back, raw Foli",0.79,80,340,75.8,17.8,1,0,0,2.7,590,1,35,450,310,34,0.74,0.05,,,,,,,,,,,,"110,111,112"
09_0012,"Calbasu, without bones, raw Kalbaush",0.9,95,400,76.7,17,3,0,0,1.2,13,1.1,27,141,287,100,0.36,0.1,,,,,,,,,,,,"110,111,112"
09_0013,"Catfish, Bacha, raw Bacha",0.76,122,512,72.2,16.1,6.4,0,0,2.2,,,,,,,,,,,,,,,,,,,,"110,111,112"
09_0014,"Catfish, Pabda, raw Pabda",0.61,95,398,73.7,17.3,2.8,0,0,2.3,267,1.2,18,266,353,105,1.25,0.09,,,,,,,,,,,,"110,111,112"
09_0015,"Catla, raw Katla",0.59,103,433,76.7,19.9,2.6,0,0,1.3,530,0.6,36,235,293,56,0.48,0.03,,,,,,,,,,,,"110,111,112"
09_0016,"(kcal) kJ (g) (g) (g) available (g) (g) Chanda, Indian glaasy fish, eyes Chanda, ranga, chokh",1,115,481,74.8,15.5,5.9,0,0,4.8,,,,,,,,,,,,,,,,,,,,"113,114,115"
09_0017,"Koi, deshi, chokh soho",0.57,130,542,73,17.5,6.6,0,0,2,410,1.2,53,390,214,52,1.13,0.04,,,,,,,,,,,,"113,114,115"
09_0018,"Koi, Thai, chokh soho",0.57,139,581,73,17.5,7.7,0,0,1.5,64,1.2,53,161,214,52,1.13,0.04,,,,,,,,,,,,"113,114,115"
09_0019,"Chital, kata chara",0.8,96,405,77.3,17.8,2.8,0,0,1,104,1.6,23,197,203,114,0.61,0.02,,,,,,,,,,,,"113,114,115"
09_0020,"Common carp, without bones, raw Common carp, kata chara",0.54,88,374,79,18.7,1.5,0,0,1.2,47,0.9,25,240,228,93,0.73,0.06,2,2,0,6.6,0.63,0.12,0.06,5.8,0.18,15,0,"113,114,115"
09_0021,"Poa, kata chara",0.49,100,422,75.8,18.6,2.9,0,0,1.2,32,0.4,28,162,341,77,0.65,0.02,17,17,0,0.6,1.17,0.07,0.11,7.7,0.344,17,0,"113,114,115"
09_0022,"bones, raw Day's mystus, combined species, Tengra, bivinno projati,",0.82,114,478,73.6,18.2,4.6,0,0,4,627,2.8,22,348,323,54,0.77,0.18,,,,,,,,,,,,"113,114,115"
09_0023,"Fish (Catla, Mrigal, Rohu), dorsal",,,,,,,,,,38,0.9,41,164,267,50,0.27,0.02,6,6,3,2.1,0.69,0.07,0.09,4.9,0.196,16,0,"113,114,115"
09_0024,"with skin, raw Fish (Catla, Mrigal, Rohu), ventral",,,,,,,,,,43,1,45,186,303,57,0.27,0.02,10,10,5,3.7,1.21,0.08,0.1,5.6,0.222,18,0,"113,114,115"
09_0025,"Kachki, bivinno projati",1,93,393,80.4,16.1,3.2,0,0,1.6,489,2.4,26,450,134,38,3.1,0.05,38,35,35,2.4,0.77,0.03,0.05,3.5,0.243,7,0,"113,114,115"
09_0026,"Gangetic ailia, raw Kajuli",0.76,117,488,76.6,15.3,6.2,0,0,2,,,,,,,,,,,,,,,,,,,,"113,114,115"
09_0027,"Gangetic mystus, raw Gulsha",0.68,86,363,78.6,15.4,2.7,0,0,2.4,300,1.3,18,210,265,50,0.88,0.14,,,,,,,,,,,,"113,114,115"
09_0028,"Giant river-catfish, raw Guizza",0.77,75,318,78.1,15.9,1.3,0,0,1.2,380,0.7,36,180,271,84,0.23,0.06,,,,,,,,,,,,"116,117,118"
09_0029,,,,,,,,,,,,,,,,,,,,,,,,,,,,,,"116,117,118"
09_0030,"Giant sea perch, without bones, raw Vetkee, kata chara",0.5,96,406,77.2,18.6,2.5,0,0,1.7,24,1,58,194,237,96,0.16,0.12,8,8,0,1.5,2.35,0.04,0.18,0.7,0.12,5,0,"116,117,118"
09_0031,"Goby, Tank goby, raw Bele",0.71,81,341,79.6,14.7,2.5,0,0,2.7,397,1.2,12,335,269,79,0.93,0.07,,,,,,,,,,,,"116,117,118"
09_0032,"Gourami, Banded gourami, eyes Khailsa, kata chara,",0.57,105,438,75.2,15.8,4.6,0,0,1.4,422,0.9,36,498,201,34,1.35,0.51,,,,,,,,,,,,"116,117,118"
09_0033,"Hilsha, without bones, raw Ilish, kata chara",0.76,223,926,62.7,18,16.8,0,0,1.9,86,1.3,26,195,162,52,0.54,0.18,,,,,,,,,,,,"116,117,118"
09_0034,"Indian river shad, raw Chapila",1,106,442,76.9,15.4,4.9,0,0,4.4,,,,,,,,,,,,,,,,,,,,"116,117,118"
09_0035,"Indian threadfin, without bones, raw",,,,,,,,,,53,0.5,29,208,278,75,1.35,0.05,,,,,,,,,,,,"116,117,118"
09_0036,"Indo-pacific king mackerel, without",,,,,,,,,,35,0.8,40,259,306,78,0.78,0.02,,,,,,,,,,,,"116,117,118"
09_0037,"Kuria labeo, without bones, raw Gonia, kata chara",0.44,109,459,76.5,17.6,4.3,0,0,1.1,30,0.3,42,175,203,60,0.06,0.09,,,,,,,,,,,,"116,117,118"
09_0038,"Ayre, kata chara",0.77,89,373,78.1,17,2.3,0,0,1.2,11,0.9,36,102,271,84,0.23,0.09,,,,,,,,,,,,"116,117,118"
09_0039,"Mackerel, narrow-barred Spanish, raw",,,,,,,,,,92,2,48,161,285,145,0.4,0.02,,,,,,,,,,,,"116,117,118"
09_0040,"Minnow, Finescale razorbelly, raw Chela, Fulchela",0.72,95,397,77.6,15.3,3.7,0,0,3,,,,,,,,,,,,,,,,,,,,"116,117,118"
09_0041,,,,,,,,,,,,,,,,,,,,,,,,,,,,,,"116,117,118"
09_0042,"Minnow, Large scale razorbelly, raw Chela, narkeli",0.72,119,501,71.7,18.1,5.2,0,0,2.1,352,5.4,41,202,578,156,3.1,0.12,,,,,,,,,,,,"119,120,121"
09_0043,"Mola, chokh soho",0.62,108,452,77.5,17.1,4.4,0,0,2.7,,,,,,,,,,,,,,,,,,,,"119,120,121"
09_0044,"Mrigal carp, eyes included, raw Mrigal, chokh soho",0.59,102,428,78.4,18.6,3,0,0,1.6,655,1.8,38,280,236,63,0.29,0.02,,,,,,,,,,,,"119,120,121"
09_0045,"Mullet, Gold spot, raw",,,,,,,,,,1050,2.1,42,490,764,41,1.43,0.14,,,,,,,,,,,,"119,120,121"
09_0046,"Mussel/Clam, mixed species, raw Jhinuk",0.32,60,255,83.3,11.6,1.5,0,0,0.9,31,1.3,15,157,37,477,0.4,0.04,,,,,,,,,,,,"119,120,121"
09_0047,"Pangas, without bones, raw Pangas, kata chara",0.44,162,676,70.8,15.9,11,0,0,1,14,0.1,29,130,169,46,1.85,0.07,,,,,,,,,,,,"119,120,121"
09_0048,,,,,,,,,,,,,,,,,,,,,,,,,,,,,,"119,120,121"
09_0049,"Pomfret, Black, raw",0.49,112,471,78.9,19.6,3.7,0,0,1.1,286,0.9,25,306,166,131,0.48,0.02,,,,,,,,,,,,"119,120,121"
09_0050,"Pomfret, Chinese Silver, raw Rupchanda, China sada",0.92,103,432,74.9,15.9,4.4,0,0,1.5,200,0.4,26,290,183,145,0.59,0.03,,,,,,,,,,,,"119,120,121"
09_0051,,,,,,,,,,,,,,,,,,,,,,,,,,,,,,"119,120,121"
09_0052,"Pomfret, Silver, without bones, raw",,,,,,,,,,13,0.5,25,170,190,151,0.27,0.09,,,,,,,,,,,,"119,120,121"
09_0053,"Prawn, Birma river prawn, raw",,,,,,,,,,16,0.6,19,141,375,98,1.06,0.57,,,,,,,,,,,,"119,120,121"
09_0054,"Prawn, Giant river prawn, raw",,,,,,,,,,18,0.7,22,166,441,116,1.25,0.68,,,,,,,,,,,,"119,120,121"
09_0055,"Prawn, Giant tiger prawn, raw",,,,,,,,,,17,0.6,43,141,423,117,1.73,0.63,,,,,,,,,,,,"119,120,121"
09_0056,"Prawn, Hairy river prawn, raw",,,,,,,,,,15,0.5,18,132,352,92,1,0.54,,,,,,,,,,,,"119,120,121"
09_0057,"Prawn, Indian white prawn, raw",,,,,,,,,,304,0.5,41,922,545,196,2.25,0.52,,,,,,,,,,,,"119,120,121"
09_0058,"Prawn, Monsoon river prawn, raw",,,,,,,,,,15,0.5,18,133,355,93,1.01,0.54,,,,,,,,,,,,"122,123,124"
09_0059,"Rohu, river, raw Rui, nodir",0.8,90,381,76.7,16.6,2.7,0,0,1.2,650,1,12,175,288,101,1.13,0.35,,,,,,,,,,,,"122,123,124"
09_0060,"Rohu, without bones, raw Rui, kata chara",0.44,105,444,76.3,20.6,2.6,0,0,0.9,30,0.4,37,175,309,38,1.13,0.35,,,,,,,,,,,,"122,123,124"
09_0061,"Shrimp, Speckled, raw",,,,,,,,,,421,0.6,26,941,503,117,1.36,0.56,,,,,,,,,,,,"122,123,124"
09_0062,"Silver carp, without bones, raw Silver carp, kata chara",0.78,123,517,75.6,17.5,6,0,0,1.1,22,1.5,27,182,225,115,0.28,0.02,,,,,,,,,,,,"122,123,124"
09_0063,"Silver needle fish, eyes included,",,,,,,,,,,210,0.8,25,470,243,55,0.94,0.1,,,,,,,,,,,,"122,123,124"
09_0064,"Spotted snakehead, raw",,,,,,,,,,624,1.5,35,440,245,68,1.08,0.16,,,,,,,,,,,,"122,123,124"
09_0065,"Stinging catfish, raw Shing mach, kata chara",0.75,101,423,76.7,17.2,3.5,0,0,2.5,,,,,,,,,,,,,,,,,,,,"122,123,124"
09_0066,"Stone roller, raw Tatkini",0.77,97,405,76.2,15.3,3.9,0,0,2.6,195,2.2,52,124,834,35,1.09,0.09,,,,,,,,,,,,"122,123,124"
09_0067,"Striped snake-head, raw Shol, kata chara",0.77,101,424,78.4,17.7,3.3,0,0,1.4,104,1,43,130,362,50,0.31,0.2,,,,,,,,,,,,"122,123,124"
09_0068,"Tilapia, without bones, raw Telapia, kata chara",0.3,110,466,76.2,20.8,3,0,0,1.1,19,0.5,36,350,341,55,1.4,0.11,2,2,0,5.5,0.71,0.97,0.09,8,0.111,24,0,"122,123,124"
09_0069,"Tuna, without bones, raw Tuna, kata chara",0.58,118,497,72,25,2,0,0,1.3,16,1.3,33,312,427,47,0.27,0.15,,,,,,,,,,,,"122,123,124"
09_0070,"Walking catfish, without bones, raw Magur, kata chara",0.79,103,434,77.6,15.6,4.6,0,0,1.1,27,0.8,25,180,344,71,0.53,0.06,,,,,,,,,,,,"122,123,124"
09_0071,Small fish fry* Kachki mach vaja,1,107,449,79.3,7.4,6.1,5.3,0.9,1.6,215,1.3,20,186,148,242,1.6,0.18,15,13,24,0.9,0.5,0.03,0.05,0.4,0.165,7,5.3,"113,114,115"
09_0072,Fish ball* Macher kopta,1,220,923,48.5,15.7,6.7,21.7,5,2.1,48,2.5,73,211,296,345,1.96,0.52,34,23,121,0.2,0.89,0.24,0.15,2,0.18,15,5.2,"113,114,115"
10_0001,"Beef liver, raw Gorur koliza",1,130,547,70.8,20.4,3.6,3.9,0,1.3,4,3.5,18,387,313,69,3.71,1.5,4968,4948,244,1.2,0.38,0.19,2.76,13.2,1.083,290,1.3,"129,130,131"
10_0002,"Beef, meat, lean, boneless, raw",1,103,436,76,20.7,2.3,0,0,1,4,2,15,190,395,52,3.52,0.14,0,0,0,0.4,0.23,0.06,0.19,10.03,0.32,7,0,"129,130,131"
10_0003,"Beef, meat, 15-20% fat, boneless, raw Gorur mangsaw, harh chara",1,207,860,65.4,19.7,14.2,0,0,0.9,5,2.2,22,170,309,69,4.6,0.07,15,15,0,0.6,0.35,0.05,0.2,9.3,0.32,9,0,"129,130,131"
10_0004,"Beef, mince, lean, raw Gorur mangsaw, kima",1,126,530,75,20.3,5,0,0,1,9,2.4,22,198,346,66,5.09,0.08,0,0,0,0.1,0.28,0.04,0.16,5.5,0.392,5,0,"129,130,131"
10_0005,"Buffalo meat, raw Mohisher mangsaw",1,95,400,78.7,19.4,1.9,0,0,1,12,1.6,32,189,297,53,1.93,0.15,0,0,0,0.1,0.05,0.04,0.2,6,0.53,8,0,"129,130,131"
10_0006,"Chicken breast, without skin, raw",0.76,106,447,72.9,22.3,1.8,0,0,1.1,15,0.5,32,173,315,37,1.7,0.06,25,25,0,0.1,0.12,0.12,0.07,11.4,0.315,7,0,"129,130,131"
10_0007,"Chicken leg, without skin, raw",0.72,128,537,71.9,19.2,5.7,0,0,1,18,1,29,180,299,55,2.09,0.22,23,23,0,0.1,0.24,0.09,0.12,9.5,0.35,4,0,"129,130,131"
10_0008,"Chicken liver, raw Murgir koliza",1,114,479,76.5,16.9,4.8,0.7,0,1.1,18,9,19,297,230,71,2.5,0.29,3296,3290,67,0,0.7,0.31,1.78,9.7,0.853,588,17.9,"129,130,131"
10_0009,"Duck, meat, raw Hasher mangshaw",0.84,130,545,72.3,21.6,4.8,0,0,1.2,4,2.4,19,235,271,74,1.9,0.25,24,24,0,0.1,0.02,0.36,0.45,8.8,0.34,25,0,"129,130,131"
10_0010,"Frog, legs, raw",,,,,,,,,,18,1.5,20,147,285,58,1.37,0.05,15,15,0,0.2,1,0.14,0.25,1.2,0.12,15,0,"129,130,131"
10_0011,"Goat meat, lean, raw Khaseer mangsaw",0.69,118,497,74.2,21.4,3.6,0,0,1.1,12,2.8,27,193,385,82,4,0.26,,,,,,,,,,,,"129,130,131"
10_0012,"Lamb/mutton, meat, moderately fat, raw Verar mangsaw",0.75,196,814,71.5,18.5,13.5,0,0,1.3,13,2.2,19,150,136,41,3.92,0.08,9,9,0,0.2,0.31,0.18,0.14,4.1,0.125,6,0,"129,130,131"
10_0013,"Lamb/Mutton, liver, raw Verar koliza",1,150,628,70.4,19.3,7.5,1.3,0,1.5,10,6.3,19,380,290,73,4,9.67,8250,8240,103,2,0.93,0.36,1.7,20.7,0.9,205,20,"129,130,131"
10_0014,"Pigeon meat, raw",,,,,,,,,,12,2.5,30,290,283,60,2.94,0.47,,,,,,,,,,,,"129,130,131"
10_0015,"Pork, meat, <5 % fat, raw Shukorer mangsaw",1,114,481,77.4,18.7,4.4,0,0,1,30,2.2,18,200,261,60,2.57,0.07,0,0,0,0.04,0,0.53,0.16,5.2,0.311,1,0,"129,130,131"
10_0016,Beef handi kabab* Haaree kabab (goru),1,233,968,60.4,12.7,16.9,6.6,1.8,1.7,25,2,25,88,220,345,3.02,0.21,12,7,66,0.3,0.52,0.04,1,1.8,0.109,10,2.2,"129,130,131"
11_0001,"Egg, chicken, farmed, raw Murgir dim, farm er",0.87,139,579,72.3,14.5,9,0,0,0.8,29,1.5,21,220,110,116,2.36,0.3,165,165,0,1.9,0.83,0.18,0.4,3.8,0.149,50,0,"136,137"
11_0002,"Egg, chicken, native, raw Murgir dim, deshi",0.87,158,655,76.1,13.3,11.6,0,0,0.9,60,1.7,11,220,97,135,2.03,0.3,213,213,0,2.4,1.2,0.18,0.4,3.8,0.149,50,0,"136,137"
11_0003,"Egg, chicken, native, yolk, raw",1,325,1350,51.9,16,27.8,2.6,0,1.7,120,4.8,11,477,113,48,3.33,0.13,496,486,124,5.4,4.16,0.23,0.49,4.1,0.3,109,0,"136,137"
11_0004,"Egg, duck, whole, raw Hasher dim",0.89,188,782,69.7,13.5,14.3,1.4,0,1.1,65,2.4,11,220,222,134,1.41,0.06,362,360,21,1.8,1.39,0.12,0.26,4.7,0.25,80,0,"136,137"
11_0005,"Egg, chicken, farmed, boiled* (without Murgir dim siddha, lobon",0.87,158,658,68.5,16.5,10.2,0,0,0.9,35,1.8,24,238,120,128,2.54,0.33,178,178,0,2,0.94,0.17,0.36,3.4,0.136,45,0,"136,137"
11_0006,"Egg, chicken, native, boiled* (without Deshi murgir dim siddha,",0.87,179,745,72.9,15.1,13.2,0,0,1,68,1.9,13,238,105,148,2.19,0.33,229,229,0,2.6,1.36,0.17,0.36,3.4,0.136,45,0,"136,137"
11_0007,"Egg, duck, whole, boiled* (without salt)",0.89,214,889,65.6,15.3,16.2,1.6,0,1.2,73,2.7,13,238,240,147,1.52,0.07,391,389,22,1.9,1.58,0.11,0.24,4.5,0.227,73,0,"136,137"
12_0001,"Buttermilk, fluid, low fat Ghol",1,33,137,92.2,3.4,0.7,3.1,0,0.6,103,0,12,92,152,68,0.41,0.01,8,8,1,0,0.01,0.04,0.17,0.9,0.042,6,0.7,"140,141,142"
12_0002,"Cheese, cottage, 25% fat Poneer",1,346,1440,40.3,24.6,25.1,5.4,0,4.6,790,0.3,22,414,83,509,3.55,0.03,25,205,190,182,0.3,0.49,0.02,0.47,6.5,40,0,"140,141,142"
12_0003,"Curd, sweetened, whole milk Doi, misti",1,94,396,80.6,3.2,4,11.4,0,0.8,103,0.1,13,90,131,51,0.45,0.05,32,31,14,0,0.08,0.05,0.16,0.8,0.053,9,1,"140,141,142"
12_0004,"Milk, buffalo, whole fat Mohiser dudh",1,101,421,83.3,3.8,7.5,4.7,0,0.8,206,0.2,18,246,178,52,0.22,0.05,,,,,,,,,,,,"140,141,142"
12_0005,"Milk, cow, powder, skimmed",1,358,1520,3.8,37.6,1,49.8,0,7.9,1370,1.1,110,956,1600,435,4.7,0.1,0,0,0,0,0.1,0.45,1.64,9.7,0.645,21,5,"140,141,142"
12_0006,"Milk, cow, powder, whole",1,497,2080,3.2,26.6,26.7,37.5,0,5.9,959,0.7,92,758,1180,365,3.71,0.06,238,228,124,0,0.59,0.31,1.37,6.8,0.276,38,10.7,"140,141,142"
12_0007,"Milk, cow, skimmed",1,30,125,92.1,3.1,0.1,4.1,0,0.6,103,0.1,13,90,131,51,0.45,0.05,0,0,0,0,0.01,0.06,0.28,0.8,0.053,9,1,"140,141,142"
12_0008,"Milk, cow, whole fat (pasteurized, UTH)",1,63,263,88.3,3.1,3.7,4.3,0,0.6,103,0.1,13,90,131,51,0.45,0.05,32,30,16,0,0.08,0.06,0.28,0.8,0.053,9,2,"140,141,142"
12_0009,"soho Milk, cow, whole, condensed, Kondense milk, Goru, chini",1,334,1410,26.5,8.2,9.4,54,0,1.8,287,0.2,28,247,366,134,0.97,0.02,95,92,42,0.2,0.19,0.09,0.44,2.3,0.051,13,3.3,"140,141,142"
12_0010,"Milk, goat, combined breeds Chagoler dudh",1,68,285,87.2,3.5,4.1,4.3,0,0.9,152,0.2,14,111,204,50,0.3,0.05,32,30,18,0.06,0.03,0.05,0.09,1,0.046,1,1.2,"140,141,142"
12_0011,"Milk, human, colostrum, raw Shaldudh",1,58,242,88.2,2,2.6,6.6,0,0.6,28,0.1,3,14,70,47,0.6,0.05,166,155,135,0,1.3,0,0.03,1,0,2,7,"140,141,142"
12_0012,"Milk, human, mature, raw Mayer dudh",1,69,260,87.4,1.2,4,7.2,0,0.2,32,0.1,3,15,56,16,0.26,0.04,56,54,19,0.1,0.34,0.02,0.03,0.7,0.01,5,4.3,"140,141,142"
12_0013,Payesh* Payesh,1,205,864,53.8,4.3,4.7,36.2,0.2,0.9,132,0.2,31,120,169,65,0.65,0.11,39,38,20,0,0.1,0.07,0.33,0.3,0.056,7,1.7,"140,141,142"
13_0001,"Butter, salted Makhon, nonta",1,733,3010,15.9,0.9,81,0.2,0,2.1,24,0,2,24,24,714,0.09,0,633,620,158,1.5,1.85,0.01,0.03,0.04,0.003,3,0,"147,148,149"
13_0002,Cottonseed oil Tular bij er tel,1,900,3700,0,0,100,0,0,0,0,0,0,0,0,0,0,0,0,0,0,0,42.77,0,0,0,0,0,0,"147,148,149"
13_0003,"Fish oil, cod liver Kod liver tel",1,900,3700,0,0,100,0,0,0,1,0.1,0,0,0,0,0.06,0.01,2500,30000,0,250,30,0,0,0,0,0,0,"147,148,149"
13_0004,"Ghee, cow Ghee, gorur",1,898,3690,0.1,0,99.8,0,0,0.1,1,0.2,0,0,1,2,0.01,0.01,,,,,,,,,,,,"147,148,149"
13_0005,"Ghee, vegetable Dalda/Bonoshpati",1,900,3700,0,0,100,0,0,0,2,0.2,0,0,1,1,0.04,0.01,,,,,,,,,,,,"147,148,149"
13_0006,Margarine Margarine,1,750,3080,16,0.3,83.3,0,0,2.3,10,0.1,2,10,52,504,0.05,0.01,810,780,360,0,8.5,0.01,0.03,0,0.003,2,0,"147,148,149"
13_0007,"Mayonnaise, salted Mayonnaise, nonta",1,732,3010,16.4,1.5,80.6,0,0,1.5,8,0.3,4,43,25,488,0.25,0.03,,,,,,,,,,,,"147,148,149"
13_0008,Mustard oil Sorishar tel,1,900,3700,0,0,100,0,0,0,0,0,0,0,0,0,0,0,,,,,,,,,,,,"147,148,149"
13_0009,Palm oil Palm tel,1,900,3700,0,0,100,0,0,0,0,0,0,0,0,0,0,0,0,0,0,0,33.12,0,0,0,0,0,0,"147,148,149"
13_0010,Peanut oil China badam er tel,1,900,3700,0,0,100,0,0,0,,,,,,,,,0,0,0,0,15.16,0,0,0,0,0,0,"147,148,149"
13_0011,Sesame oil Tiler tel,1,900,3700,0,0,100,0,0,0,0,0,0,0,0,0,0,0,0,0,0,0,1.4,0,0,0,0,0,0,"147,148,149"
13_0012,Soybean oil Soybean tel,1,900,3700,0,0,100,0,0,0,0,0.1,0,0,0,0,0.01,0,0,0,0,0,16.06,0,0,0,0,0,0,"147,148,149"
14_0001,Coconut water Daber pani,1,20,83,94.5,0.6,0.3,3.2,1.1,0.3,20,0.2,25,18,260,96,0.1,0.04,0,0,0,0,0,0.06,0.03,0.1,0.032,3,3.3,"154,155"
14_0002,"Coffee, dudh o chini soho",1,38,160,91.3,0.9,0.8,6.8,0,0.3,33,0.2,7,25,65,14,0.12,0.01,7,7,4,0,0.02,0.01,0.04,0.3,0.008,1,0.3,"154,155"
14_0003,"Coffee, powder Coffee",1,355,1300,3.1,12.2,0.5,75.4,0,8.8,141,4.4,327,303,3540,37,0.35,0.14,0,0,0,0,0,0.01,0.07,28.2,0.029,0,0,"154,155"
14_0004,"Soft drinks, carbonated Komol paniyo",1,41,175,89.6,0,0,10.3,0,0.1,6,0.3,0,11,1,4,0.02,0.01,0,0,0,0,0,0,0,0,0,0,0,"154,155"
14_0005,Soya milk (not sweetened) Soybean dudh,1,54,225,87.8,2.8,2.4,4.9,0.5,1.6,13,0.43,15,48,74,32,0.3,0.09,0,0,0,0,0.32,0.06,0.05,0.8,0.03,9,0,"154,155"
14_0006,Sugar cane Juice Akher ross,1,33,139,91.7,0.7,0,7.5,0,0.1,8,1.1,10,6,25,7,0.01,0.06,,,,,,,,,,,,"154,155"
14_0007,Dudh cha,1,41,172,90.4,0.73,0.8,7.6,0.2,0.3,28,0.4,5,23,48,14,0.11,0.02,,,,,,,,,,,,"154,155"
14_0008,"Tea, infusion (with sugar) Likar cha",1,29,125,92.4,0.21,0,7.1,0.1,0.2,5,0.1,4,3,64,3,0.03,0.01,,,,,,,,,,,,"154,155"
14_0009,"Tea, powder Cha pata",1,296,1250,5.7,20.2,0,49.5,8.5,16,118,2.3,272,239,6040,72,1.69,0.55,0,0,0,0,0,0,0.99,10.8,0.356,103,0,"154,155"
14_0010,"Water, drinking Khabar pani",1,0,0,100,0,0,0,0,0,3,0.1,2,0,0,3,0.002,0.001,0,0,0,0,0,0,0,0,0,0,0,"154,155"
15_0001,Baking powder,,,,,,,,,,11300,0,9,8430,49,11800,0,0,0,0,0,0,0,0,0,0,0,0,0,"159,160"
15_0002,"Betel leaves, raw Pan pata",1,42,175,85.4,3.1,0.4,4.1,4.7,2.3,230,7,82,60,684,3,1,0.3,,,,,,,,,,,,"159,160"
15_0003,Honey Modhu,1,326,1390,18.2,0.3,0,81.1,0.2,0.2,5,0.5,2,9,51,9,0.49,0.04,0,0,0,0,0,0,0.06,0.16,0.16,1,1.4,"159,160"
15_0004,"Jaggery, sugarcane, solid Gur, Akh",1,385,1630,3.4,0.5,0.1,95.4,0,0.6,92,1.6,120,72,290,79,0.1,0.75,,,,,,,,,,,,"159,160"
15_0005,"Jaggery/Panela, date palm Gur, Khejur",1,352,1500,9.6,1.5,0.3,85.7,0.3,2.6,,,,,,,,,,,,,,,,,,,,"159,160"
15_0006,"Jagggery liquid, date palm Nolen gur",1,86,365,78.3,0.3,0.1,20.9,0.1,0.3,,,,,,,,,,,,,,,,,,,,"159,160"
15_0007,Salt,,,,,,,,,,0,0,0,0,0,39340,0,0,0,0,0,0,0,0,0,0,0,0,0,"159,160"
15_0008,"Sugar, white Chini, sada",1,398,1690,0.4,0,0,99.5,0,0.1,12,0.2,2,1,5,5,0.1,0.12,0,0,0,0,0,0,0,0,0,0,0,"159,160"